id,title,subtitle,author,isbn13,series_name,series_number,page_count,price,publication_date,imprint,back_cover_text,storefront_publishers_note_en,front_cover_image_path,full_spread_pdf_path,interior_pdf_path
51172737be82,AI Governance: Freedom versus Constraint,,AI Lab for Book-Lovers,,,,216,24.99,9/2/25,xynapse traces,"Unravel the mysteries within '{title}', a captivating exploration in the stream of {stream}. This profound book, drawing on its initial description as: '{description}', invites you to challenge established ideas and delve into new perspectives. Featuring {quotes_per_book} meticulously curated quotations, a comprehensive bibliography, and a unique verification log, this volume is an indispensable resource for the discerning reader. Prepare to expand your understanding.","Dive deep into the complex world of AI governance with this curated collection of quotes. Through the Korean practice of 필사 (pilsa), or transcriptive meditation, you'll not only transcribe profound insights on freedom versus constraint in AI development—from xAI's approaches to ethical frameworks and sci-fi visions—but also cultivate a mindful understanding. This unique engagement allows for true contemplation, making critical AI ethics and Musk's views resonate personally. Discover clarity and purpose in navigating humanity's most pressing technological challenge, one thoughtful word at a time. Essential for today's evolving world.",output/xynapse_traces_build/covers/AI_Governance_Freedom_versus_Constraint_front_cover.png,output/xynapse_traces_build/covers/AI_Governance_Freedom_versus_Constraint_cover_spread.pdf,
d126b8c1028d,Family Support: Data versus Intuition,,AI Lab for Book-Lovers,,,,216,24.99,9/2/25,xynapse traces,"Explore '{title}', a vital new work in the {stream} stream. This book meticulously unpacks {description}, offering fresh perspectives on its complexities. With over {quotes_per_book} expertly curated quotations, a comprehensive bibliography, and a unique verification log, this volume is an indispensable resource. Dive deep into the subject and enhance your understanding today.","In an era where technology increasingly shapes our most personal decisions, 'Family Support: Data versus Intuition' offers a vital exploration. This curated collection delves into the evolving landscape of family planning, contrasting data-driven AI solutions with deeply ingrained intuitive wisdom and cultural traditions. Engage with these high-quality, thought-provoking quotes through *pilsa*, the transformative Korean practice of transcriptive meditation. By mindfully transcribing each passage, you move beyond passive reading, fostering clarity and deeper understanding. From cutting-edge health tech and Elon Musk's pronatal views to poignant family fiction, this book provides an essential, introspective journey into modern family dynamics. Discover profound insights relevant to us all.",output/xynapse_traces_build/covers/Family_Support_Data_versus_Intuition_front_cover.png,output/xynapse_traces_build/covers/Family_Support_Data_versus_Intuition_cover_spread.pdf,
1041dca88938,Implant Safety: Assurance versus Uncertainty,,AI Lab for Book-Lovers,,,,216,24.99,9/2/25,xynapse traces,"Unlock profound insights from **{stream}** with **{title}**. This essential volume gathers over **{quotes_per_book}** carefully selected quotations, illuminating the key themes and principles identified in **{description}**. Each powerful insight is meticulously sourced. Complete with a comprehensive bibliography and a transparent verification log, this book is your indispensable guide to mastering your field and beyond.","As neural technology advances, understanding implant safety is crucial. This collection offers thought-provoking quotes on Neuralink's assurances versus uncertainties. Engage deeply via 'pilsa'—the Korean practice of transcriptive meditation. This mindful act of copying transforms passive reading into active contemplation, fostering profound understanding and critical reflection. It's a unique way to internalize nuanced perspectives on this vital, evolving topic. Empower yourself to form an informed stance on humanity's next frontier, finding clarity in complexity.",output/xynapse_traces_build/covers/Implant_Safety_Assurance_versus_Uncertainty_front_cover.png,output/xynapse_traces_build/covers/Implant_Safety_Assurance_versus_Uncertainty_cover_spread.pdf,
9a788b4f9f0d,Knowledge Access: Freedom versus Restriction,,AI Lab for Book-Lovers,,,,216,24.99,9/9/25,xynapse traces,"Unlock the universe's deepest secrets with {title}, a compelling {stream} exploration. {description} Featuring {quotes_per_book} meticulously curated quotations, a comprehensive bibliography, and a transparent verification log, this is an essential resource. Discover profound insights where scientific discovery meets timeless philosophical contemplation.","Dive into 'Knowledge Access: Freedom versus Restriction,' a vital collection of quotes on Starlink's pivotal role in shaping global information access. This book isn't just for reading; it's designed for 'pilsa' – the Korean practice of transcriptive meditation. By copying these thought-provoking passages, you'll experience a deeper engagement, fostering mindful reflection on pressing issues like open education versus censorship. In an age where information flow dictates freedom, understanding Starlink's impact is crucial. Engage with these powerful words to clarify your thoughts and contribute to a more informed world.",output/xynapse_traces_build/covers/Knowledge_Access_Freedom_versus_Restriction_front_cover.png,output/xynapse_traces_build/covers/Knowledge_Access_Freedom_versus_Restriction_cover_spread.pdf,
1f508665d95f,Market Evolution: Gradual versus Radical,,AI Lab for Book-Lovers,,,,216,24.99,9/9/25,xynapse traces,"Delve into the world of {stream} with '{title}'! {description}. This indispensable guide offers unparalleled clarity and depth. Discover {quotes_per_book} insightful quotations that illuminate key concepts. Complete with a comprehensive bibliography and a transparent verification log, '{title}' is your trusted resource for mastering this vital subject.","In an era of relentless change, understanding market evolution is paramount. This unique collection brings together high-quality, thought-provoking quotes from business studies, Elon Musk's insights, and even fiction, exploring gradual versus radical market transformations. Engaging with these powerful ideas through 'pilsa,' the Korean practice of transcriptive meditation, offers profound benefits. By physically writing each quote, you'll deepen comprehension, foster mindful reflection, and gain unparalleled clarity on strategies for innovation and disruption. This book isn't just about reading; it's about internalizing the forces shaping our economic future, making it an essential tool for today's visionary thinkers.",output/xynapse_traces_build/covers/Market_Evolution_Gradual_versus_Radical_front_cover.png,output/xynapse_traces_build/covers/Market_Evolution_Gradual_versus_Radical_cover_spread.pdf,
8548512a8c4e,Orbital Systems: Public versus Private,,AI Lab for Book-Lovers,,,,216,24.99,9/9/25,xynapse traces,"Uncover the secrets of {title}, a groundbreaking journey into {stream}. This essential volume meticulously explores {description}, offering profound insights into the resilience of life. Featuring {quotes_per_book} curated quotations, a comprehensive bibliography, and a meticulous verification log, this book ensures unparalleled depth and accuracy. Delve into the intricate world of {stream} and gain a new appreciation for its wonders. Your definitive guide to this captivating field awaits.","In an era where space is rapidly becoming humanity's next economic frontier, 'Orbital Systems: Public versus Private' offers a vital exploration. This collection of high-quality, thought-provoking quotes on aerospace economics, SpaceX, and orbital sci-fi invites deep engagement. Through *pilsa*, the Korean practice of transcriptive meditation, you'll physically transcribe these insights. This mindful act transforms reading into profound absorption, allowing unparalleled clarity on the critical balance between public investment and private innovation shaping our future beyond Earth. Engage, reflect, and discover the essential narratives defining tomorrow's orbital economies, making complex ideas resonate personally.",output/xynapse_traces_build/covers/Orbital_Systems_Public_versus_Private_front_cover.png,output/xynapse_traces_build/covers/Orbital_Systems_Public_versus_Private_cover_spread.pdf,
c5418392d8d4,Policy Automation: Efficiency versus Equity,,AI Lab for Book-Lovers,,,,216,24.99,9/16/25,xynapse traces,"Dive into 'Echoes of the Ancient Mind,' a captivating exploration within the Philosophy of Consciousness. This book profoundly traces the evolution of conscious thought from ancient civilizations to modern neuroscience, examining diverse cultural concepts of mind and soul. Discover how these timeless ideas shaped our understanding of self, perception, and reality. Featuring 250 meticulously verified quotations, a comprehensive bibliography, and a unique verification log, this is an indispensable read for anyone seeking to unravel the mysteries of the human intellect.","Dive deep into the pressing discourse surrounding AI-driven policy automation, navigating the delicate balance between efficiency and equity. This unique collection of thought-provoking quotes, from policy analysis to futuristic fiction, invites you to engage not just intellectually, but mindfully. Through the Korean practice of *pilsa* (transcriptive meditation), you'll meticulously transcribe each powerful insight, fostering profound reflection and clarity. In an age where automated governance reshapes society, this book offers an indispensable, meditative journey to critically examine the future of decision-making, ensuring a deeper, more personal understanding of technology's true impact.",output/xynapse_traces_build/covers/Policy_Automation_Efficiency_versus_Equity_front_cover.png,output/xynapse_traces_build/covers/Policy_Automation_Efficiency_versus_Equity_cover_spread.pdf,
0dba7fae1eb6,Radiation Barriers: Protection versus Exposure,,AI Lab for Book-Lovers,,,,216,24.99,9/16/25,xynapse traces,"Unlock essential insights within the dynamic world of {stream}. ""{title}"" delves into {description_summary}. It offers {benefit_phrase}. Featuring {quotes_per_book} illuminating quotations, a comprehensive bibliography, and a transparent verification log, this volume is meticulously researched and highly authoritative. Expand your knowledge and shape your future today.","Unlock profound insights into humanity's future with 'Radiation Barriers.' This unique collection features high-quality, thought-provoking quotes on protecting Mars colonists from cosmic radiation – from advanced shielding to exposure realities. Engage with these critical discussions through 필사 (pilsa), the Korean practice of transcriptive meditation. By meticulously copying each powerful statement from space medicine, SpaceX plans, and sci-fi visions, you'll gain unparalleled clarity and a meditative connection to the immense challenges of space survival. This immersive process deepens understanding, making the urgent quest to safeguard our cosmic destiny more relevant and vital than ever.",output/xynapse_traces_build/covers/Radiation_Barriers_Protection_versus_Exposure_front_cover.png,output/xynapse_traces_build/covers/Radiation_Barriers_Protection_versus_Exposure_cover_spread.pdf,
d23bf5fbf408,Risk Endurance: Innovation versus Caution,,AI Lab for Book-Lovers,,,,216,24.99,9/16/25,xynapse traces,"Discover '{title}', a groundbreaking look into the world of {stream}. This book {description}. Featuring {quotes_per_book} meticulously verified quotations, a comprehensive bibliography, and a transparent verification log, it offers unparalleled depth and accuracy. Unearth profound new insights.","Dive into 'Risk Endurance: Innovation versus Caution,' a curated collection of quotes inspired by groundbreaking entrepreneurial mindsets like Elon Musk's. In an age demanding strategic courage, this book invites you to explore the vital tension between audacious innovation and cautious foresight. Through the profound Korean practice of 필사 (pilsa) – transcriptive meditation – you'll not only internalize these powerful insights but also cultivate a deeper understanding of risk, leadership, and personal resilience. This unique engagement transforms passive reading into active reflection, offering clarity and inspiration for navigating today's complex world and forging your own path.",output/xynapse_traces_build/covers/Risk_Endurance_Innovation_versus_Caution_front_cover.png,output/xynapse_traces_build/covers/Risk_Endurance_Innovation_versus_Caution_cover_spread.pdf,
5c8a6f5f0e78,Solar Expansion: Dominance versus Balance,,AI Lab for Book-Lovers,,,,216,24.99,9/23/25,xynapse traces,"Dive deep into the world of '{stream}' with '{title}'. This book uncovers {description}, offering an essential exploration for enthusiasts and scholars alike. It compiles {quotes_per_book} carefully selected quotations, providing a rich tapestry of thought and insight. Complete with a comprehensive bibliography for further study and a meticulous verification log ensuring accuracy, this is your definitive guide. Unlock new perspectives and enrich your understanding of this fascinating subject.","In an era demanding urgent energy solutions, 'Solar Expansion: Dominance versus Balance' offers a vital exploration of humanity's renewable future. This collection of high-quality, thought-provoking quotes delves into the ambitious push for solar dominance versus the wisdom of balanced energy mixes. Through the ancient Korean practice of *pilsa*, or transcriptive meditation, you'll not only transcribe these insights but deeply internalize them. This mindful engagement fosters clarity, critical reflection, and a profound understanding of the complex choices ahead. Discover a unique path to contemplate the very blueprint of our sustainable world, making this book an essential guide for navigating today's energy revolution.",output/xynapse_traces_build/covers/Solar_Expansion_Dominance_versus_Balance_front_cover.png,output/xynapse_traces_build/covers/Solar_Expansion_Dominance_versus_Balance_cover_spread.pdf,
6f01ac508077,Truth Platforms: Objectivity versus Bias,,AI Lab for Book-Lovers,,,,216,24.99,9/23/25,xynapse traces,"Unlock the core of {stream}! {description} This essential guide, '{title}', meticulously curates {quotes_per_book} profound quotations, illuminating its most critical aspects. Whether you're a curious enthusiast or seasoned scholar, discover new perspectives and deepen your understanding. Featuring a comprehensive bibliography and a transparent verification log, this book is an indispensable resource for reliable knowledge. Explore the depths of {stream} with confidence and clarity.","In an age grappling with the nature of truth on digital platforms, 'Truth Platforms: Objectivity versus Bias' offers a vital anchor. This meticulously curated collection invites you to engage deeply through 'pilsa,' the Korean practice of transcriptive meditation. By mindfully transcribing thought-provoking quotes on AI fact-checking, human bias, and information science, you'll not only internalize critical insights but cultivate profound clarity and discernment. This unique approach transforms passive reading into active understanding, empowering you to navigate today's complex information landscape with greater awareness and a refreshed perspective on the pursuit of truth.",output/xynapse_traces_build/covers/Truth_Platforms_Objectivity_versus_Bias_front_cover.png,output/xynapse_traces_build/covers/Truth_Platforms_Objectivity_versus_Bias_cover_spread.pdf,
d190c3ad06e8,Underground Planning: Resilience versus Accessibility,,AI Lab for Book-Lovers,,,,216,24.99,9/23/25,xynapse traces,"Journey into the heart of {description}, a captivating {stream} saga. Witness a desperate quest to expose a hidden conspiracy threatening the very fabric of society. Immerse yourself in the vivid tapestry of daily life, political intrigue, and profound beliefs of the era. This meticulously researched volume, titled '{title}', includes {quotes_per_book} curated quotations, a comprehensive bibliography, and a unique verification log for absolute authenticity. Discover the truths hidden within its pages.","Dive deep into the compelling future of urban design with 'Underground Planning: Resilience versus Accessibility.' This unique collection offers curated insights exploring The Boring Company's ambitious visions, contrasting their resilience promises with crucial accessibility hurdles. Through the ancient Korean practice of *pilsa*, or transcriptive meditation, you'll not only absorb profound wisdom but also cultivate mindful reflection. Engaging with these critical perspectives on subterranean cities, infrastructure, and societal impact is more vital than ever, offering a powerful tool to shape your understanding of tomorrow's urban challenges. Experience clarity and discovery in every stroke.",output/xynapse_traces_build/covers/Underground_Planning_Resilience_versus_Accessibility_front_cover.png,output/xynapse_traces_build/covers/Underground_Planning_Resilience_versus_Accessibility_cover_spread.pdf,
5ce0118ddc34,Global Renewables: Scale versus Scarcity,,AI Lab for Book-Lovers,,,,216,24.99,7/10/25,xynapse traces,,"In an era defined by urgent climate action, *Global Renewables: Scale versus Scarcity* offers a vital contemplative journey. This unique collection presents high-quality, thought-provoking quotes on the complex tension between renewable energy expansion and global resource limitations. Beyond simple consumption, we invite you to engage with these powerful insights through *pilsa*, the Korean practice of transcriptive meditation. By mindfully copying each quote, you'll cultivate deeper understanding, critical reflection, and personal connection to humanity's most pressing sustainable energy challenges. This book is an essential tool for anyone seeking profound engagement with our planet's future.",output/pilsa_build/covers/Global_Renewables_Scale_versus_Scarcity_front_cover.png,output/pilsa_build/covers/Global_Renewables_Scale_versus_Scarcity_cover_spread.pdf,
8500fd5443bc,AI Precision: Accuracy versus Error,,AI Lab for Book-Lovers,,,,216,24.99,7/15/25,xynapse traces,"Unlock new perspectives with '{title}', a captivating journey through {stream}. This book offers {description_processed}. It includes {quotes_per_book} illuminating quotations, a comprehensive bibliography, and a transparent verification log. Meticulously researched, this volume provides an engaging experience for any seeker of truth. Prepare to redefine your understanding of the world.","In an era defined by AI, understanding its precision—and potential pitfalls—is paramount. This unique collection, 'AI Precision: Accuracy versus Error,' invites you to a profound engagement with critical insights through the Korean practice of *pilsa*. Transcriptive meditation isn't just copying; it's a mindful journey that deepens comprehension, fosters clarity, and embeds knowledge. By physically transcribing these high-quality, thought-provoking quotes on xAI's scientific applications, from predictive models to data bias, you'll gain unparalleled clarity. This book is an essential tool for navigating the complexities of AI, ensuring a more informed and reflective understanding of technology shaping our future.",output/pilsa_build/covers/AI_Precision_Accuracy_versus_Error_front_cover.png,output/pilsa_build/covers/AI_Precision_Accuracy_versus_Error_cover_spread.pdf,
bdbbc2269809,AI-Driven Science: Speed versus Safety,,AI Lab for Book-Lovers,,,,216,24.99,7/15/25,xynapse traces,"Explore '{title}', a compelling dive into the world of {stream}. This book unravels {description}, offering profound insights into its complexities and evolution. It highlights key moments and figures, presenting a narrative that challenges conventional understanding and sparks curiosity. With over {quotes_per_book} carefully selected quotations, a comprehensive bibliography, and a meticulous verification log, this volume ensures accuracy and depth. Uncover the rich tapestry of this fascinating subject.","Dive into the profound dichotomy of AI-driven science: its breathtaking speed against crucial safety. This unique collection of curated quotes offers a vital lens into xAI's world-altering mission. Through 'pilsa,' the Korean practice of transcriptive meditation, you're invited to slow down, deeply absorb, and personally engage with these critical discussions. Experience heightened focus and clarity as you transcribe thoughts on scientific breakthroughs, ethical quandaries, and the future of humanity. This isn't just reading; it's an immersive journey, cultivating wisdom and thoughtful perspective essential for navigating our rapidly evolving technological landscape.",output/pilsa_build/covers/AI-Driven_Science_Speed_versus_Safety_front_cover.png,output/pilsa_build/covers/AI-Driven_Science_Speed_versus_Safety_cover_spread.pdf,
0af73b5a1bbd,Battery Revolution: Innovation versus Constraints,,AI Lab for Book-Lovers,,,,216,24.99,7/15/25,xynapse traces,"Dive into '{title}', a compelling {stream} novel. A crumbling Victorian mansion holds generations of secrets, meticulously revealed through rediscovered letters and diaries in this gripping tale. Experience an immersive journey into the past, enriched by {quotes_per_book} authentic quotations bringing the era to life. This book includes a comprehensive bibliography and a verification log, ensuring both compelling narrative and historical depth. Unearth the profound truths hidden within its walls.","In an era defined by energy innovation, 'Battery Revolution: Innovation versus Constraints' offers a compelling collection of quotes exploring Tesla's groundbreaking battery technology. More than just reading, this book invites you to engage deeply through 'pilsa' – the Korean practice of transcriptive meditation. By mindfully hand-copying these high-quality, thought-provoking insights from materials science, Musk's pronouncements, and visionary fiction, you'll not only grasp the revolutionary advancements but also the critical supply chain and cost constraints. This unique meditative journey transforms passive consumption into active reflection, making complex technological dilemmas profoundly relevant and personally enriching for our future.",output/pilsa_build/covers/Battery_Revolution_Innovation_versus_Constraints_front_cover.png,output/pilsa_build/covers/Battery_Revolution_Innovation_versus_Constraints_cover_spread.pdf,
e2f672695a0b,Birth Rate Boost: Policy versus Freedom,,AI Lab for Book-Lovers,,,,216,24.99,7/22/25,xynapse traces,"Uncover the essence of {title}, a vital exploration within the {stream} field. This book delves into {description}. Featuring {quotes_per_book} meticulously selected quotations, it offers unparalleled insight into the core ideas and influential voices. With a comprehensive bibliography and a transparent verification log, you can trust the accuracy and depth of every contribution. Dive into the wisdom that defines {stream} and discover its profound impact.","As global birth rates spark urgent debate, 'Birth Rate Boost: Policy versus Freedom' offers a critical collection of quotes exploring AI-driven pronatal strategies, economic incentives, and individual liberties. Through 'pilsa'—the Korean practice of transcriptive meditation—readers are invited to slow down and deeply internalize these diverse, often conflicting, perspectives. This unique method fosters profound engagement, moving beyond superficial consumption to cultivate genuine understanding. Reflect on the tension between state policy and personal choice, shaping your own informed stance on humanity's demographic future. This book is an essential tool for thoughtful citizens navigating today's most pressing societal challenges.",output/pilsa_build/covers/Birth_Rate_Boost_Policy_versus_Freedom_front_cover.png,output/pilsa_build/covers/Birth_Rate_Boost_Policy_versus_Freedom_cover_spread.pdf,
b9273ed82af5,Bold Leadership: Inspiration versus Pressure,,AI Lab for Book-Lovers,,,,216,24.99,7/22/25,xynapse traces,"Dive into '{title}', an essential exploration within the '{stream}' stream. Drawing on its initial description as '{description}', this book offers a profound and insightful journey. It meticulously presents {quotes_per_book} carefully selected quotations, ensuring a rich tapestry of perspectives. With a comprehensive bibliography and a unique verification log, '{title}' is an indispensable resource for scholars and enthusiasts alike.","Amidst today's relentless pace, understanding bold leadership has never been more crucial. This unique collection offers profound insights into the delicate balance between inspiring vision and intense pressure, drawing from transformational figures like Elon Musk. Far beyond passive reading, this book invites you to embrace 'pilsa'—the Korean practice of transcriptive meditation. Through mindful copying, you'll deeply internalize these thought-provoking quotes, fostering unparalleled clarity and self-reflection. Discover how to navigate complex leadership challenges, cultivate resilience, and harness your own inspirational power. Engage with this vital resource to unlock profound wisdom for our demanding age.",output/pilsa_build/covers/Bold_Leadership_Inspiration_versus_Pressure_front_cover.png,output/pilsa_build/covers/Bold_Leadership_Inspiration_versus_Pressure_cover_spread.pdf,
da3f8496e2fb,Cognitive Upgrades: Necessity versus Luxury,,AI Lab for Book-Lovers,,,,216,24.99,7/22/25,xynapse traces,"**{title}** offers a captivating journey into the {stream}. Drawing from its initial description, this book provides a groundbreaking exploration into its core subject matter, revealing profound insights and challenging established perspectives. Featuring {quotes_per_book} meticulously curated quotations, a comprehensive bibliography, and a transparent verification log, this essential read promises an unparalleled understanding of its field.","As cognitive enhancement technology like Neuralink rapidly advances, humanity confronts profound ethical questions: Is a 'cognitive upgrade' a medical necessity or a luxury? This unique collection provides high-quality, thought-provoking quotes exploring this very frontier. Engaging through *pilsa*, the Korean practice of transcriptive meditation, offers a powerful path to deep reflection. By hand-copying these curated insights, you will not only clarify your own stance on neuroethics but also cultivate mindful presence, transforming passive reading into active, meaningful contemplation. Discover why discerning the future of the human mind is vital today.",output/pilsa_build/covers/Cognitive_Upgrades_Necessity_versus_Luxury_front_cover.png,output/pilsa_build/covers/Cognitive_Upgrades_Necessity_versus_Luxury_cover_spread.pdf,
6c4791c2b204,Fertility Optimization: Technology versus Nature,,AI Lab for Book-Lovers,,,,216,24.99,7/22/25,xynapse traces,"Discover '{title}', a compelling exploration within the {stream} stream. Drawing on its initial description as provided: {description}. This insightful book offers fresh perspectives, inviting you to delve deeper into its core themes. Featuring {quotes_per_book} thoughtfully curated quotations, a comprehensive bibliography, and a meticulous verification log, this is an indispensable resource for enthusiasts and scholars alike. Uncover its profound wisdom today.","Embark on a unique journey with 'Fertility Optimization: Technology versus Nature.' This timely collection presents high-quality, thought-provoking quotes exploring AI-driven solutions, natural conception, and the future of human reproduction. Through the mindful Korean practice of *pilsa*—transcriptive meditation—you'll engage deeply with pronatalist views, ethical dilemmas, and speculative fiction. This method transforms reading into a profound act of reflection, fostering clarity and personal insight into one of humanity's most vital and evolving discussions. Discover the wisdom within as you navigate the complex frontier of fertility today.",output/pilsa_build/covers/Fertility_Optimization_Technology_versus_Nature_front_cover.png,output/pilsa_build/covers/Fertility_Optimization_Technology_versus_Nature_cover_spread.pdf,
d0e82d4c133f,Free Speech Platforms: Openness versus Regulation,,AI Lab for Book-Lovers,,,,216,24.99,7/29/25,xynapse traces,"Is Agile truly the answer for large organizations? In 'The Agile Revolution,' dive deep into the complex world of software development. This book offers a critical examination of Agile's real-world impact, revealing both its triumphs and pitfalls. Packed with 500 insightful quotations, a comprehensive bibliography, and a transparent verification log, it's an essential guide for anyone navigating the future of software development.","In an age of digital noise, discerning truth amidst free speech debates is paramount. This collection, 'Free Speech Platforms: Openness versus Regulation,' offers incisive quotes from communication studies, X Corp insights, and fiction, prompting vital reflection. Engage deeply with these pivotal ideas through *pilsa*, the Korean practice of transcriptive meditation. As you meticulously copy each word, you'll not only internalize diverse perspectives on open discourse versus regulation, but also cultivate mindfulness. This unique meditative journey transforms passive reading into an active quest for clarity, equipping you to navigate today's complex information landscape with greater wisdom and discernment. Essential reading for our times.",output/pilsa_build/covers/Free_Speech_Platforms_Openness_versus_Regulation_front_cover.png,output/pilsa_build/covers/Free_Speech_Platforms_Openness_versus_Regulation_cover_spread.pdf,
d81541f3c90e,Industry Shifts: Innovation versus Instability,,AI Lab for Book-Lovers,,,,216,24.99,7/29/25,xynapse traces,"Dive deep into the heart of {stream} with '{title}'! This book unveils {description}. Journey through its pages to discover new perspectives and profound insights. Featuring {quotes_per_book} meticulously sourced quotations, a comprehensive bibliography, and a unique verification log, this essential volume offers an unparalleled exploration of its subject. Equip yourself with knowledge that matters.","Dive into the profound implications of technological disruption with 'Industry Shifts.' This curated collection of high-quality quotes on Musk's transformative ventures isn't just for reading; it's designed for 'pilsa' – the Korean practice of transcriptive meditation. By mindfully copying these insights, you'll transcend passive consumption, fostering deeper clarity and a more nuanced understanding of innovation's double-edged sword: unprecedented progress alongside potential instability. In an era defined by rapid change, 'pilsa' offers a unique pathway to truly internalize these critical debates, sharpening your perspective on the future of work, economy, and society. Engage, reflect, and gain profound insight.",output/pilsa_build/covers/Industry_Shifts_Innovation_versus_Instability_front_cover.png,output/pilsa_build/covers/Industry_Shifts_Innovation_versus_Instability_cover_spread.pdf,
56022a6b741f,Internet for All: Inclusion versus Barriers,,AI Lab for Book-Lovers,,,,216,24.99,7/29/25,xynapse traces,"Dive into '{title}', a groundbreaking exploration in the field of {stream}. This compelling book unpacks {description}, offering fresh perspectives and profound insights into its core concepts. Prepare to see the familiar anew and grasp the intricate threads that weave its narrative. With {quotes_per_book} meticulously selected quotations, a comprehensive bibliography, and a detailed verification log, this rigorously researched volume is an indispensable resource for scholars and enthusiasts alike.","In an era defined by digital connectivity, understanding equitable internet access is paramount. This collection, 'Internet for All: Inclusion versus Barriers,' offers profound insights from leading voices, from Starlink's visionaries to digital equity advocates. More than just reading, we invite you to engage deeply through *pilsa*, the Korean practice of transcriptive meditation. By carefully hand-copying these high-quality, thought-provoking quotes, you'll transcend passive consumption, fostering mindful reflection and internalizing complex ideas on technology's role in shaping our future. This unique journey empowers a richer understanding of connectivity's challenges and promises, making the pursuit of true digital inclusion a deeply personal and reflective experience.",output/pilsa_build/covers/Internet_for_All_Inclusion_versus_Barriers_front_cover.png,output/pilsa_build/covers/Internet_for_All_Inclusion_versus_Barriers_cover_spread.pdf,
6ee9ad281bed,Knowledge Networks: Cohesion versus Division,,AI Lab for Book-Lovers,,,,216,24.99,7/29/25,xynapse traces,"Dive into {title}, a compelling exploration of {description}. This essential {stream} resource unearths profound insights, offering a deeper understanding of its subject matter. Featuring {quotes_per_book} meticulously verified quotations, a comprehensive bibliography, and a transparent verification log, this book provides an authoritative and engaging journey. Uncover the wisdom within its pages today.","In an era defined by rapid digital discourse, 'Knowledge Networks: Cohesion versus Division' offers a vital exploration of online platforms like X, examining their power to unite or polarize. Through the ancient Korean practice of *pilsa*, or transcriptive meditation, this unique collection invites you to slow down and deeply engage with pivotal insights on knowledge-sharing. By transcribing these thought-provoking quotes, you'll cultivate mindfulness, gain clarity on complex social dynamics, and forge a personal connection to the profound questions shaping our interconnected world. This isn't just reading; it's a meditative journey towards understanding and wisdom in the digital age.",output/pilsa_build/covers/Knowledge_Networks_Cohesion_versus_Division_front_cover.png,output/pilsa_build/covers/Knowledge_Networks_Cohesion_versus_Division_cover_spread.pdf,
58b4c50ddf74,Mars Governance: Autonomy versus Oversight,,AI Lab for Book-Lovers,,,,216,24.99,8/5/25,xynapse traces,"Uncover the depths of '{title}', a compelling journey within the {stream} stream. This book profoundly explores {description}. It challenges readers to rethink fundamental concepts and poses vital questions. Featuring {quotes_per_book} meticulously curated quotations, a comprehensive bibliography, and a unique verification log, this is an essential read for anyone seeking deeper insight. Your understanding will be transformed.","Explore the profound dilemmas of Mars governance – the critical balance between autonomy and Earth oversight – through this unique collection of curated quotes. Engaging with these thought-provoking insights via 'pilsa,' the Korean practice of transcriptive meditation, offers an unparalleled path to deep reflection. As you meticulously copy each passage, you'll not only internalize diverse perspectives from political science, SpaceX, and sci-fi, but also cultivate mindful clarity. This practice transforms reading into an active, meditative journey, illuminating the foundational choices facing humanity as we venture beyond Earth. Discover profound insights crucial for shaping our interplanetary future, one stroke at a time.",output/pilsa_build/covers/Mars_Governance_Autonomy_versus_Oversight_front_cover.png,output/pilsa_build/covers/Mars_Governance_Autonomy_versus_Oversight_cover_spread.pdf,
7010eee14d1b,Martian Commerce: Local versus Interplanetary,,AI Lab for Book-Lovers,,,,216,24.99,8/5/25,xynapse traces,"Dive deep into the fundamental questions of existence with '{title}', a seminal work in the {stream} stream. This book explores {description}. Featuring {quotes_per_book} meticulously curated quotations, a comprehensive bibliography, and a unique verification log, it offers unparalleled scholarly depth. Prepare to challenge your perceptions and embark on an intellectual journey that redefines understanding.","Embark on a profound journey into the future of space economics. This collection of high-quality, thought-provoking quotes on Martian commerce—from local resource trade to interplanetary routes—invites deep engagement through 'pilsa,' the Korean practice of transcriptive meditation. By mindfully hand-copying these insights, you'll internalize groundbreaking ideas from economic studies, SpaceX plans, and sci-fi, cultivating clarity and focus. As humanity looks to interstellar expansion, understanding Mars' economic blueprints is vitally important. 'Pilsa' transforms reading into a powerful act of discovery, making you an active participant in shaping tomorrow's off-world economies.",output/pilsa_build/covers/Martian_Commerce_Local_versus_Interplanetary_front_cover.png,output/pilsa_build/covers/Martian_Commerce_Local_versus_Interplanetary_cover_spread.pdf,
9570edf38007,Martian Self-Reliance: Isolation versus Earth Support,,AI Lab for Book-Lovers,,,,216,24.99,8/5/25,xynapse traces,"Unlock profound insights in '{title}', a compelling exploration within the {stream} stream. {description}. Delve deeper into original contexts and understand how these insights illuminate contemporary challenges. Featuring {quotes_per_book} carefully curated quotations, a comprehensive bibliography, and a meticulous verification log, this volume is an essential guide to enduring knowledge. Discover profound wisdom for a brighter future.","Embark on a profound journey into humanity's future on Mars. This unique collection of insights, from SpaceX visions to sci-fi resilience, invites you to engage with critical questions of self-reliance versus Earth reliance. Through the ancient Korean practice of *pilsa*, or transcriptive meditation, you'll not only absorb these high-quality, thought-provoking quotes but internalize their wisdom. In an era questioning our interconnectedness and independence, this book offers a singular path to explore the profound implications of our next great leap, fostering deeper contemplation and a new perspective on our shared destiny.",output/pilsa_build/covers/Martian_Self-Reliance_Isolation_versus_Earth_Support_front_cover.png,output/pilsa_build/covers/Martian_Self-Reliance_Isolation_versus_Earth_Support_cover_spread.pdf,
6c58610dc1d0,Mind-Machine Fusion: Liberation versus Dependency,,AI Lab for Book-Lovers,,,,216,24.99,8/5/25,xynapse traces,"Unlock profound insights into {title}. Drawing from the vibrant stream of {stream}, this book reclaims the essential wisdom within {description}. Explore their timeless relevance through their very own words. Featuring {quotes_per_book} meticulously curated quotations, this essential volume includes a comprehensive bibliography and a transparent verification log, ensuring scholarly rigor. Discover the enduring power of ideas that shaped civilizations and continue to resonate today.","Delve into the profound implications of brain-computer interfaces with this unique collection of curated quotes. Explore the delicate balance between cognitive liberation and potential dependency, enhancing your critical understanding of humanity's future. Engage with these vital perspectives through 'pilsa' – the Korean practice of transcriptive meditation. This mindful act of copying text deepens engagement, fostering clarity and introspection on concepts like enhanced learning versus privacy loss. In an age of rapid technological convergence, this book offers a crucial opportunity for thoughtful reflection, empowering you to navigate the defining frontier of Mind-Machine Fusion with awareness and insight.",output/pilsa_build/covers/Mind-Machine_Fusion_Liberation_versus_Dependency_front_cover.png,output/pilsa_build/covers/Mind-Machine_Fusion_Liberation_versus_Dependency_cover_spread.pdf,
8c3bffe562cd,Open Government: Transparency versus Security,,AI Lab for Book-Lovers,,,,216,24.99,8/12/25,xynapse traces,"Dive into the world of {title}, a captivating {stream} that plunges you into {description}. This gripping narrative unfolds with rich detail, exploring the depths of its subject matter. To enhance your experience, this book is meticulously crafted with {quotes_per_book} authentic quotations, providing profound insights and voices from within the stream. Further ensuring accuracy and depth, it includes a comprehensive bibliography for further exploration and a unique verification log for transparency. Prepare for an engaging and thoroughly researched journey.","In an era grappling with AI and digital governance, 'Open Government: Transparency versus Security' offers a timely exploration. This collection of compelling quotes invites readers to engage deeply with critical questions surrounding public data, accountability, and national security, even touching on Musk's DOGE initiatives. Through the mindful practice of *pilsa*—transcriptive meditation—you'll not only internalize diverse perspectives but also foster clarity amidst complex dilemmas. This unique approach transforms passive reading into active reflection, empowering you to navigate the urgent challenges of transparency in our interconnected world, making it profoundly relevant for today.",output/pilsa_build/covers/Open_Government_Transparency_versus_Security_front_cover.png,output/pilsa_build/covers/Open_Government_Transparency_versus_Security_cover_spread.pdf,
9d828c481b5a,Satellite Networks: Durability versus Risks,,AI Lab for Book-Lovers,,,,216,24.99,8/12/25,xynapse traces,"Uncover the depths of '{title}', a compelling journey within the '{stream}' realm. This book delves directly into {description}, offering fresh perspectives and groundbreaking insights. Featuring a rich collection of {quotes_per_book} illuminating quotations, every argument is meticulously supported. For complete transparency, it includes a comprehensive bibliography and a detailed verification log. '{title}' is an essential read for anyone seeking a definitive understanding of this vital subject.","Explore the critical frontier of satellite networks with this unique collection. As Starlink's infrastructure rapidly expands, so do questions surrounding its durability and inherent risks – from orbital resilience to cyber threats. This book curates insightful quotes from aerospace engineering, Elon Musk, and sci-fi, offering unparalleled perspectives. Engage with these profound ideas through 'pilsa,' the Korean practice of transcriptive meditation. This mindful act of copying not only enhances comprehension but fosters deeper reflection on our connected future, making complex concepts personally accessible and critically understood in today's digital age.",output/pilsa_build/covers/Satellite_Networks_Durability_versus_Risks_front_cover.png,output/pilsa_build/covers/Satellite_Networks_Durability_versus_Risks_cover_spread.pdf,
8f9dd722dcd2,Space Markets: Innovation versus Control,,AI Lab for Book-Lovers,,,,216,24.99,8/12/25,xynapse traces,"Unlock profound insights into the {stream} stream with '{title}'. This book thoroughly explores {description}, offering a unique perspective for both experts and enthusiasts. Discover how ancient wisdom intersects with contemporary practices. Featuring {quotes_per_book} meticulously chosen quotations, a comprehensive bibliography, and a transparent verification log, this essential guide provides unparalleled depth and authenticity. Deepen your understanding and transform your perspective with this definitive resource.","As space commerce rapidly redefines our world, understanding the critical balance between innovation and control is paramount. This unique collection of quotes invites deep engagement through 'pilsa,' the Korean practice of transcriptive meditation. Copying these insights fosters profound focus and personal reflection, helping you internalize the complex economic and legal challenges of humanity's cosmic expansion. This book offers a vital, contemplative journey into a future that is profoundly relevant today.",output/pilsa_build/covers/Space_Markets_Innovation_versus_Control_front_cover.png,output/pilsa_build/covers/Space_Markets_Innovation_versus_Control_cover_spread.pdf,
18e7f2eff9f6,Streamlined Governance: Agility versus Oversight,,AI Lab for Book-Lovers,,,,216,24.99,8/12/25,xynapse traces,"Dive into '{title}', an essential exploration within the {stream} stream. This book {description_start_phrase} delves into the core aspects of its subject, offering profound insights and historical context. Featuring {quotes_per_book} meticulously sourced quotations, a comprehensive bibliography, and a unique verification log, this volume offers unparalleled depth and transparency. Understand the critical ideas that shape our world and the field itself.","As AI reshapes governance, 'Streamlined Governance' offers high-quality, thought-provoking quotes on the delicate balance between agility and essential oversight. This collection delves into AI-driven reforms, automation, and the critical need for accountability and fairness in public administration. Engage with these profound insights through 'pilsa' – the Korean practice of transcriptive meditation. This unique method fosters deep reflection and personal absorption, transforming passive reading into active understanding. Discover how conscious transcription clarifies your perspective, making you an informed participant in shaping the future of efficient and ethical government today.",output/pilsa_build/covers/Streamlined_Governance_Agility_versus_Oversight_front_cover.png,output/pilsa_build/covers/Streamlined_Governance_Agility_versus_Oversight_cover_spread.pdf,
dcce05e0349d,Subterranean Cities: Efficiency versus Feasibility,,AI Lab for Book-Lovers,,,,216,24.99,8/19/25,xynapse traces,"Uncover profound insights in '{title}', a compelling journey through {stream}. As described initially, this book delves into {description}. Featuring {quotes_per_book} meticulously verified quotations, a comprehensive bibliography, and a unique verification log, this essential read offers rigorous exploration and new perspectives. Prepare to challenge your understanding of the world.","Dive into 'Subterranean Cities: Efficiency versus Feasibility,' a unique collection exploring the ambitious vision of underground urban solutions. Engage deeply with thought-provoking quotes on Musk's tunneling plans and urban engineering, contrasting efficiency with real-world feasibility. Through the ancient Korean practice of *pilsa*, or transcriptive meditation, this book invites you to slow down, absorb, and critically reflect on the future of our metropolises. In an age of rapid innovation, this mindful engagement offers clarity and perspective, making complex concepts profoundly accessible and personally resonant. Discover true understanding.",output/pilsa_build/covers/Subterranean_Cities_Efficiency_versus_Feasibility_front_cover.png,output/pilsa_build/covers/Subterranean_Cities_Efficiency_versus_Feasibility_cover_spread.pdf,
4e6218ed3dc9,Tech Adoption: Momentum versus Skepticism,,AI Lab for Book-Lovers,,,,216,24.99,8/19/25,xynapse traces,"Uncover '{title}', a groundbreaking work in the {stream} stream. This book provides a profound exploration of {description}. Featuring {quotes_per_book} meticulously chosen quotations, a comprehensive bibliography, and a transparent verification log, it offers a rigorous and essential journey into its subject. Gain a deeper understanding today.","In an age defined by rapid technological leaps and profound societal questions, 'Tech Adoption: Momentum versus Skepticism' offers a vital space for reflection. This unique collection of high-quality quotes on technologies like Musk's EVs and neural implants invites you to explore the complex interplay of consumer enthusiasm and legitimate concerns. Through the mindful practice of 'pilsa,' or transcriptive meditation, you'll not only engage deeply with these thought-provoking insights but also cultivate a clearer understanding of our tech-driven future. This book is an essential guide for navigating today's most pressing innovations with intention and critical thought.",output/pilsa_build/covers/Tech_Adoption_Momentum_versus_Skepticism_front_cover.png,output/pilsa_build/covers/Tech_Adoption_Momentum_versus_Skepticism_cover_spread.pdf,
ef9e61bd1710,Tunnel Viability: Speed versus Stability,,AI Lab for Book-Lovers,,,,216,24.99,8/19/25,xynapse traces,"Dive into the compelling world of {stream} with '{title}'. This book unearths {description}, shedding light on overlooked aspects and offering fresh perspectives. Discover the profound insights within its pages, featuring {quotes_per_book} meticulously curated quotations that illuminate the text. Complete with a comprehensive bibliography for further exploration and a transparent verification log, this book is an indispensable resource for anyone passionate about this field.","Dive into the fascinating world of urban innovation with 'Tunnel Viability,' a curated collection of quotes on The Boring Company's ambitious tunneling projects. Explore the critical tension between speed and stability in groundbreaking infrastructure, from Musk's bold visions to geotechnical realities. Through the mindful practice of 'pilsa' – transcriptive meditation – this book invites you to deeply engage with these thought-provoking insights. As you transcribe, you'll not only enhance comprehension but also find clarity on the complex challenges shaping our cities' future. Discover how mindful reflection on these debates offers a profound path to understanding the promises and perils of modern engineering.",output/pilsa_build/covers/Tunnel_Viability_Speed_versus_Stability_front_cover.png,output/pilsa_build/covers/Tunnel_Viability_Speed_versus_Stability_cover_spread.pdf,
56f9166fd166,Visionary Drive: Passion versus Peril,,AI Lab for Book-Lovers,,,,216,24.99,8/19/25,xynapse traces,"Dive into the heart of the digital age with '{title}', an indispensable guide for anyone navigating the complexities of {stream}. This book illuminates the critical insights from leading thinkers, helping you understand the present and shape the future of technology and its impact. Featuring {quotes_per_book} meticulously curated quotations, a comprehensive bibliography, and a unique verification log, '{title}' is an essential resource for scholars, professionals, and curious minds alike. Discover profound perspectives that will transform your understanding of this vital field.","“Visionary Drive: Passion versus Peril” invites you on a profound journey into ambition's core. In an era defined by relentless innovation, this collection of high-quality, thought-provoking quotes—exploring the duality of visionary leadership like Musk's—becomes your essential guide. Engage deeply through 'pilsa,' the ancient Korean practice of transcriptive meditation. This mindful act transforms passive reading into active reflection, fostering clarity, focus, and profound self-discovery. By transcribing these insights, you don't just read about passion and its perils; you internalize them, gaining unparalleled wisdom for navigating today's complex world and forging your own impactful path.",output/pilsa_build/covers/Visionary_Drive_Passion_versus_Peril_front_cover.png,output/pilsa_build/covers/Visionary_Drive_Passion_versus_Peril_cover_spread.pdf,